"id","zip","state","county","poverty","price2007","price2013"
6,32162,"FL","marion",13,265600,174987.878787859
13,78572,"TX","hidalgo",34,79900,160655.17241379
20,11212,"NY","kings",21.9,332000,298746.617647058
30,37042,"TN","montgomery",12.7,98700,131006.910569105
37,85032,"AZ","maricopa",12.9,266100,206952.02020201
67,23462,"VA","virginia beach city",6.6,198300,300043.127962081
77,93722,"CA","fresno",20,320000,512602.895553293
82,98052,"WA","king",9.9,475800,266463.878326992
103,20002,"DC","district of columbia",-1,372400,514288.888888805
119,33012,"FL","miami-dade",15.3,218600,174987.878787859
123,11372,"NY","queens",12.2,364100,298746.617647058
128,30062,"GA","cobb",9.4,241200,142396.279069748
141,6902,"CT","fairfield",6.7,460600,288431.603773581
153,91342,"CA","los angeles",14.6,523100,512602.895553293
158,29732,"SC","york",12.1,139200,146112.213740455
160,23452,"VA","virginia beach city",6.6,233200,300043.127962081
173,92592,"CA","riverside",11.7,507500,512602.895553293
178,94122,"CA","san francisco",10.6,783400,512602.895553293
181,30022,"GA","fulton",14.2,319200,142396.279069748
189,21222,"MD","baltimore",19.9,150200,281845.519713261
190,97402,"OR","lane",14.3,193500,214834.831460676
206,74012,"OK","tulsa",14.2,121000,109904.761904747
217,30052,"GA","walton",12.2,168600,142396.279069748
227,90802,"CA","los angeles",14.6,362000,512602.895553293
228,21122,"MD","anne arundel",5,330300,281845.519713261
268,98012,"WA","snohomish",8,389600,266463.878326992
271,35242,"AL","jefferson",15.1,311600,140837.362637355
275,85282,"AZ","maricopa",12.9,272000,206952.02020201
278,98632,"WA","cowlitz",15.4,168600,266463.878326992
285,85022,"AZ","maricopa",12.9,287700,206952.02020201
301,32792,"FL","seminole",9.1,243300,174987.878787859
328,92122,"CA","san diego",11.1,587400,512602.895553293
331,59102,"MT","yellowstone",9.7,164800,225995.238095234
335,94112,"CA","san francisco",10.6,693100,512602.895553293
348,92562,"CA","riverside",11.7,492700,512602.895553293
349,41042,"KY","boone",6.2,136200,146016.666666661
352,90042,"CA","los angeles",14.6,513200,512602.895553293
374,29072,"SC","lexington",10.9,173800,146112.213740455
386,22192,"VA","prince william",5,407600,300043.127962081
393,98682,"WA","clark",9.5,230000,266463.878326992
401,20852,"MD","montgomery",5.1,452700,281845.519713261
422,23322,"VA","chesapeake city",8,358500,300043.127962081
423,92882,"CA","riverside",11.7,542800,512602.895553293
460,19382,"PA","chester",5.5,373500,168625.668449199
471,19702,"DE","new castle",10.1,218900,207266.666666681
475,95112,"CA","santa clara",8.3,591500,512602.895553293
479,33312,"FL","broward",11.4,298800,174987.878787859
482,65202,"MO","boone",16,130200,153870.802919715
502,87112,"NM","bernalillo",14.9,172800,189354.166666656
559,15642,"PA","westmoreland",9.5,129500,168625.668449199
567,23112,"VA","chesterfield",5.8,228900,300043.127962081
574,17602,"PA","lancaster",8.6,126200,168625.668449199
575,93312,"CA","kern",18.1,393300,512602.895553293
577,43232,"OH","franklin",16.2,100000,117361.716937358
586,6492,"CT","new haven",9.5,282500,288431.603773581
596,34952,"FL","saint lucie",10.8,221800,174987.878787859
599,91402,"CA","los angeles",14.6,486100,512602.895553293
601,44102,"OH","cuyahoga",15.7,76900,117361.716937358
602,65802,"MO","greene",13.7,87000,153870.802919715
603,33322,"FL","broward",11.4,218800,174987.878787859
604,80012,"CO","arapahoe",11.1,180900,248585.454545445
611,33062,"FL","broward",11.4,435200,174987.878787859
637,72712,"AR","benton",11.3,170000,122409.589041101
641,89502,"NV","washoe",10.2,290200,215063.934426225
647,37122,"TN","wilson",7.2,193200,131006.910569105
657,10312,"NY","richmond",10.1,454400,298746.617647058
666,33612,"FL","hillsborough",11.6,157700,174987.878787859
687,96822,"HI","honolulu",7.8,529600,480311.363636379
715,85122,"AZ","pinal",12.5,203200,206952.02020201
738,85382,"AZ","maricopa",12.9,323200,206952.02020201
754,55112,"MN","ramsey",13.5,242300,206253.67231638
788,27612,"NC","wake",8.5,229500,149621.98142415
789,21502,"MD","allegany",14.2,87500,281845.519713261
791,97202,"OR","multnomah",15,334900,214834.831460676
793,18702,"PA","luzerne",11.7,56000,168625.668449199
794,7712,"NJ","monmouth",6.1,394600,306490.464547675
803,75062,"TX","dallas",16.9,127100,160655.17241379
816,34112,"FL","collier",9.9,302100,174987.878787859
828,92692,"CA","orange",8.9,726100,512602.895553293
839,98122,"WA","king",9.9,422200,266463.878326992
840,44212,"OH","medina",6.7,169300,117361.716937358
841,11432,"NY","queens",12.2,600100,298746.617647058
851,91762,"CA","san bernardino",12.1,432300,512602.895553293
852,23602,"VA","newport news city",14.7,208400,300043.127962081
853,52402,"IA","linn",9.9,124300,153156.790123454
859,97702,"OR","deschutes",8.9,370400,214834.831460676
868,73072,"OK","cleveland",10,156300,109904.761904747
871,63122,"MO","saint louis",23,246300,153870.802919715
873,90022,"CA","los angeles",14.6,415700,512602.895553293
892,6082,"CT","hartford",9.3,212000,288431.603773581
897,91942,"CA","san diego",11.1,467900,512602.895553293
915,98902,"WA","yakima",19.7,117000,266463.878326992
917,95822,"CA","sacramento",12.2,307100,512602.895553293
936,20902,"MD","montgomery",5.1,427100,281845.519713261
951,28562,"NC","craven",13.9,186400,149621.98142415
952,18102,"PA","lehigh",9.1,83900,168625.668449199
954,11772,"NY","suffolk",5.3,348200,298746.617647058
977,29412,"SC","charleston",15.2,239400,146112.213740455
993,28412,"NC","new hanover",13.7,196900,149621.98142415
995,91702,"CA","los angeles",14.6,440500,512602.895553293
997,97302,"OR","marion",15.2,211000,214834.831460676
1022,28262,"NC","mecklenburg",11,140900,149621.98142415
1033,1902,"MA","essex",10.4,262200,339479.999999992
1045,20772,"MD","prince georges",8.1,349600,281845.519713261
1053,99362,"WA","walla walla",17.4,175800,266463.878326992
1055,78542,"TX","hidalgo",34,72500,160655.17241379
1058,1752,"MA","middlesex",6.9,335800,339479.999999992
1065,53202,"WI","milwaukee",18.2,255100,162900.520833331
1087,85142,"AZ","pinal",12.5,339000,206952.02020201
1092,94102,"CA","san francisco",10.6,561200,512602.895553293
1095,92672,"CA","orange",8.9,939900,512602.895553293
1112,28212,"NC","mecklenburg",11,114300,149621.98142415
1118,85712,"AZ","pima",14.9,196300,206952.02020201
1131,60062,"IL","cook",14.6,558400,175162.229102149
1132,52302,"IA","linn",9.9,134500,153156.790123454
1135,98042,"WA","king",9.9,343800,266463.878326992
1150,19132,"PA","philadelphia",23.5,42600,168625.668449199
1155,60462,"IL","cook",14.6,295900,175162.229102149
1185,45342,"OH","montgomery",14.8,142900,117361.716937358
1187,52722,"IA","scott",11.4,158900,153156.790123454
1208,27292,"NC","davidson",15.1,82000,149621.98142415
1222,19082,"PA","delaware",9.7,106700,168625.668449199
1224,44122,"OH","cuyahoga",15.7,217900,117361.716937358
1245,8012,"NJ","gloucester",7.6,238700,306490.464547675
1250,22202,"VA","arlington",6.5,581900,300043.127962081
1254,8902,"NJ","middlesex",6.6,356400,306490.464547675
1262,73112,"OK","oklahoma",15.9,91600,109904.761904747
1267,21702,"MD","frederick",5.3,337400,281845.519713261
1285,44512,"OH","mahoning",16.6,109600,117361.716937358
1295,95062,"CA","santa cruz",10.6,738600,512602.895553293
1334,20032,"DC","district of columbia",-1,215800,514288.888888805
1343,97222,"OR","clackamas",9.2,231500,214834.831460676
1344,78412,"TX","nueces",19.1,103900,160655.17241379
1362,32712,"FL","orange",11.6,304900,174987.878787859
1376,98102,"WA","king",9.9,398700,266463.878326992
1379,60302,"IL","cook",14.6,364100,175162.229102149
1387,91732,"CA","los angeles",14.6,462700,512602.895553293
1389,90262,"CA","los angeles",14.6,429200,512602.895553293
1414,34232,"FL","sarasota",8.1,257500,174987.878787859
1425,14612,"NY","monroe",13.3,124700,298746.617647058
1429,77642,"TX","jefferson",17.1,46700,160655.17241379
1434,2472,"MA","middlesex",6.9,414700,339479.999999992
1447,30152,"GA","cobb",9.4,221300,142396.279069748
1480,28092,"NC","lincoln",10.5,97700,149621.98142415
1487,8302,"NJ","cumberland",17.4,131500,306490.464547675
1512,98092,"WA","king",9.9,352900,266463.878326992
1532,43402,"OH","wood",10.8,151900,117361.716937358
1537,85302,"AZ","maricopa",12.9,241900,206952.02020201
1540,33702,"FL","pinellas",11.3,196500,174987.878787859
1548,8332,"NJ","cumberland",17.4,142300,306490.464547675
1584,33172,"FL","miami-dade",15.3,211100,174987.878787859
1588,95762,"CA","el dorado",8.2,662500,512602.895553293
1590,93612,"CA","fresno",20,292300,512602.895553293
1591,1702,"MA","middlesex",6.9,329600,339479.999999992
1594,62002,"IL","madison",11.3,73000,175162.229102149
1604,30092,"GA","gwinnett",8.4,296600,142396.279069748
1617,53212,"WI","milwaukee",18.2,119000,162900.520833331
1618,33952,"FL","charlotte",9.2,169100,174987.878787859
1621,92102,"CA","san diego",11.1,413100,512602.895553293
1622,17402,"PA","york",8.6,186500,168625.668449199
1629,55082,"MN","washington",4.7,300900,206253.67231638
1643,86442,"AZ","mohave",13.5,216600,206952.02020201
1644,92262,"CA","riverside",11.7,403000,512602.895553293
1646,21842,"MD","worcester",9.2,369300,281845.519713261
1666,17112,"PA","dauphin",11,178700,168625.668449199
1670,80022,"CO","adams",12.8,172400,248585.454545445
1687,1852,"MA","middlesex",6.9,253000,339479.999999992
1691,44312,"OH","summit",14,105700,117361.716937358
1715,58102,"ND","cass",11.5,120000,156866.666666679
1716,30102,"GA","cobb",9.4,160500,142396.279069748
1722,77092,"TX","harris",16.3,126500,160655.17241379
1738,48312,"MI","macomb",8.3,183100,143547.970479701
1743,32812,"FL","orange",11.6,268000,174987.878787859
1748,53402,"WI","racine",9.2,163400,162900.520833331
1750,60202,"IL","cook",14.6,296100,175162.229102149
1751,15212,"PA","allegheny",11.6,62500,168625.668449199
1758,7202,"NJ","union",8,385100,306490.464547675
1778,19152,"PA","philadelphia",23.5,204000,168625.668449199
1782,33462,"FL","palm beach",10.2,268800,174987.878787859
1784,30342,"GA","fulton",14.2,432500,142396.279069748
1792,96792,"HI","honolulu",7.8,324100,480311.363636379
1808,91362,"CA","ventura",8.7,780800,512602.895553293
1809,98032,"WA","king",9.9,276900,266463.878326992
1813,97322,"OR","linn",13.8,154500,214834.831460676
1816,94582,"CA","contra costa",8.7,947300,512602.895553293
1837,21042,"MD","howard",4.5,615300,281845.519713261
1846,85042,"AZ","maricopa",12.9,211000,206952.02020201
1848,13502,"NY","oneida",14.5,78600,298746.617647058
1852,28052,"NC","gaston",14.8,76600,149621.98142415
1858,3102,"NH","hillsborough",7,216900,202444.943820221
1871,38002,"TN","shelby",20.1,209800,131006.910569105
1881,33162,"FL","miami-dade",15.3,284000,174987.878787859
1885,21212,"MD","baltimore city",19.9,275800,281845.519713261
1902,53132,"WI","milwaukee",18.2,182200,162900.520833331
1905,50322,"IA","polk",9.4,162900,153156.790123454
1915,90032,"CA","los angeles",14.6,448900,512602.895553293
1944,93012,"CA","ventura",8.7,612800,512602.895553293
1950,21742,"MD","washington",10.5,268400,281845.519713261
1959,23832,"VA","chesterfield",5.8,204000,300043.127962081
1965,32082,"FL","saint johns",6.7,501000,174987.878787859
1992,55122,"MN","dakota",5.4,246200,206253.67231638
2015,93292,"CA","tulare",23.2,278400,512602.895553293
2018,28792,"NC","henderson",10.9,146900,149621.98142415
2019,98312,"WA","kitsap",8.9,232400,266463.878326992
2048,72032,"AR","faulkner",14.9,94300,122409.589041101
2066,98502,"WA","thurston",9.5,308400,266463.878326992
2091,95662,"CA","sacramento",12.2,388100,512602.895553293
2094,94952,"CA","sonoma",8.9,675800,512602.895553293
2097,72762,"AR","washington",15.4,168200,122409.589041101
2098,48152,"MI","wayne",20.8,210700,143547.970479701
2101,98002,"WA","king",9.9,249800,266463.878326992
2113,37922,"TN","knox",12.8,253700,131006.910569105
2122,90242,"CA","los angeles",14.6,558600,512602.895553293
2124,30132,"GA","paulding",6.9,153400,142396.279069748
2126,71112,"LA","bossier",15,99900,137472.72727276
2129,15102,"PA","allegheny",11.6,142400,168625.668449199
2134,44052,"OH","lorain",11.2,88300,117361.716937358
2139,55432,"MN","anoka",6.4,211600,206253.67231638
2147,40502,"KY","fayette",15.9,235300,146016.666666661
2156,95482,"CA","mendocino",15.4,373500,512602.895553293
2161,54302,"WI","brown",10.3,112700,162900.520833331
2165,16602,"PA","blair",13.8,74200,168625.668449199
2167,60532,"IL","du page",4.8,308200,175162.229102149
2175,95382,"CA","stanislaus",13.6,410300,512602.895553293
2193,85392,"AZ","maricopa",12.9,303800,206952.02020201
2196,77382,"TX","montgomery",9.8,230900,160655.17241379
2201,34652,"FL","pasco",11.9,143100,174987.878787859
2212,96002,"CA","shasta",13.4,283100,512602.895553293
2216,37312,"TN","bradley",15.7,140900,131006.910569105
2220,24012,"VA","roanoke city",16.9,121100,300043.127962081
2231,29212,"SC","lexington",10.9,146400,146112.213740455
2236,96782,"HI","honolulu",7.8,539200,480311.363636379
2238,48322,"MI","oakland",8.6,284300,143547.970479701
2240,30542,"GA","hall",12,173900,142396.279069748
2241,43612,"OH","lucas",16.9,90200,117361.716937358
2250,17522,"PA","lancaster",8.6,177600,168625.668449199
2260,19002,"PA","montgomery",5.3,421400,168625.668449199
2265,6512,"CT","new haven",9.5,242900,288431.603773581
2275,8742,"NJ","ocean",8.4,479000,306490.464547675
2280,55422,"MN","hennepin",10.6,229400,206253.67231638
2283,53142,"WI","kenosha",11.8,180200,162900.520833331
2292,2062,"MA","norfolk",6.4,406600,339479.999999992
2303,46222,"IN","marion",15.6,68300,135223.529411785
2372,80112,"CO","arapahoe",11.1,272400,248585.454545445
2373,95122,"CA","santa clara",8.3,603400,512602.895553293
2404,37072,"TN","davidson",15.2,160200,131006.910569105
2409,22042,"VA","fairfax",5.5,503800,300043.127962081
2410,37172,"TN","robertson",11.6,121600,131006.910569105
2422,33542,"FL","pasco",11.9,133100,174987.878787859
2435,95682,"CA","el dorado",8.2,478200,512602.895553293
2437,94602,"CA","alameda",11,650900,512602.895553293
2440,75042,"TX","dallas",16.9,111500,160655.17241379
2446,32312,"FL","leon",17,295700,174987.878787859
2454,84062,"UT","utah",11.4,199900,237999.999999993
2457,80122,"CO","arapahoe",11.1,262800,248585.454545445
2467,36532,"AL","baldwin",10.3,234900,140837.362637355
2475,20782,"MD","prince georges",8.1,367800,281845.519713261
2477,76262,"TX","denton",7.1,197000,160655.17241379
2484,48162,"MI","monroe",7.8,151200,143547.970479701
2486,48602,"MI","saginaw",17,59900,143547.970479701
2493,27502,"NC","wake",8.5,219500,149621.98142415
2502,73162,"OK","oklahoma",15.9,157300,109904.761904747
2518,22312,"VA","fairfax",5.5,466800,300043.127962081
2522,29642,"SC","pickens",16.4,140700,146112.213740455
2539,27302,"NC","alamance",13,143700,149621.98142415
2540,30312,"GA","fulton",14.2,224300,142396.279069748
2549,80302,"CO","boulder",12.1,461700,248585.454545445
2554,95132,"CA","santa clara",8.3,698900,512602.895553293
2559,8822,"NJ","hunterdon",3.7,453100,306490.464547675
2562,97062,"OR","washington",8.6,328400,214834.831460676
2565,98662,"WA","clark",9.5,231200,266463.878326992
2585,18052,"PA","lehigh",9.1,194900,168625.668449199
2587,70802,"LA","east baton rouge",18.1,64600,137472.72727276
2589,92802,"CA","orange",8.9,596000,512602.895553293
2620,55372,"MN","scott",4.2,301200,206253.67231638
2623,27332,"NC","lee",14.3,121900,149621.98142415
2635,91352,"CA","los angeles",14.6,514400,512602.895553293
2645,17022,"PA","lancaster",8.6,175800,168625.668449199
2646,93422,"CA","san luis obispo",11.5,528100,512602.895553293
2664,12302,"NY","schenectady",11.1,174400,298746.617647058
2698,94002,"CA","san mateo",6,931700,512602.895553293
2705,33432,"FL","palm beach",10.2,603900,174987.878787859
2711,32962,"FL","indian river",9.7,171800,174987.878787859
2712,45042,"OH","butler",11.9,121500,117361.716937358
2713,95842,"CA","sacramento",12.2,308900,512602.895553293
2720,53562,"WI","dane",10.9,286600,162900.520833331
2728,98512,"WA","thurston",9.5,285400,266463.878326992
2740,68502,"NE","lancaster",10.9,118500,139018.518518525
2742,60102,"IL","mchenry",5.3,288200,175162.229102149
2746,2302,"MA","plymouth",6.5,259700,339479.999999992
2750,91722,"CA","los angeles",14.6,478600,512602.895553293
2764,28602,"NC","catawba",11.1,92400,149621.98142415
2768,60142,"IL","mchenry",5.3,269500,175162.229102149
2789,97502,"OR","jackson",13.4,271500,214834.831460676
2790,73132,"OK","oklahoma",15.9,131600,109904.761904747
2793,2072,"MA","norfolk",6.4,334600,339479.999999992
2797,81212,"CO","fremont",18.7,141000,248585.454545445
2802,2132,"MA","suffolk",19.3,411300,339479.999999992
2803,10562,"NY","westchester",7.7,473200,298746.617647058
2813,90302,"CA","los angeles",14.6,442300,512602.895553293
2814,33772,"FL","pinellas",11.3,237400,174987.878787859
2832,48192,"MI","wayne",20.8,127600,143547.970479701
2849,95472,"CA","sonoma",8.9,708300,512602.895553293
2863,54952,"WI","winnebago",9.3,129400,162900.520833331
2875,53072,"WI","waukesha",4.1,268100,162900.520833331
2878,94132,"CA","san francisco",10.6,728600,512602.895553293
2889,34472,"FL","marion",13,152400,174987.878787859
2893,53222,"WI","milwaukee",18.2,150700,162900.520833331
2896,43082,"OH","franklin",16.2,269000,117361.716937358
2902,97132,"OR","yamhill",11.7,231100,214834.831460676
2920,44112,"OH","cuyahoga",15.7,87800,117361.716937358
2934,95032,"CA","santa clara",8.3,1047000,512602.895553293
2936,27012,"NC","forsyth",14.1,174200,149621.98142415
2958,31322,"GA","chatham",16.3,181400,142396.279069748
2959,3062,"NH","hillsborough",7,277400,202444.943820221
2961,30082,"GA","cobb",9.4,204300,142396.279069748
2976,19142,"PA","philadelphia",23.5,77000,168625.668449199
2980,33852,"FL","highlands",17.4,179200,174987.878787859
3006,95492,"CA","sonoma",8.9,604300,512602.895553293
3010,97212,"OR","multnomah",15,438400,214834.831460676
3011,22602,"VA","frederick",6.6,306700,300043.127962081
3015,11572,"NY","nassau",4.7,524400,298746.617647058
3025,90712,"CA","los angeles",14.6,565500,512602.895553293
3042,32092,"FL","saint johns",6.7,323100,174987.878787859
3045,98802,"WA","douglas",12.8,193600,266463.878326992
3089,43212,"OH","franklin",16.2,220900,117361.716937358
3090,85742,"AZ","pima",14.9,259200,206952.02020201
3093,48092,"MI","macomb",8.3,158800,143547.970479701
3097,37912,"TN","knox",12.8,96800,131006.910569105
3104,22152,"VA","fairfax",5.5,489100,300043.127962081
3106,22102,"VA","fairfax",5.5,493600,300043.127962081
3133,94402,"CA","san mateo",6,1106000,512602.895553293
3139,38122,"TN","shelby",20.1,69300,131006.910569105
3143,94062,"CA","san mateo",6,1216200,512602.895553293
3145,43202,"OH","franklin",16.2,163500,117361.716937358
3151,33712,"FL","pinellas",11.3,144500,174987.878787859
3173,22802,"VA","harrisonburg city",26.7,175200,300043.127962081
3184,75032,"TX","rockwall",5,186600,160655.17241379
3196,93552,"CA","los angeles",14.6,361900,512602.895553293
3210,45212,"OH","hamilton",13,106200,117361.716937358
3212,80222,"CO","denver",17.4,231400,248585.454545445
3214,54902,"WI","winnebago",9.3,150500,162900.520833331
3217,40222,"KY","jefferson",14.6,189200,146016.666666661
3221,29582,"SC","horry",14,317500,146112.213740455
3243,60002,"IL","lake",6.3,243000,175162.229102149
3257,6042,"CT","hartford",9.3,203100,288431.603773581
3270,64152,"MO","jackson",15,177700,153870.802919715
3295,98112,"WA","king",9.9,744400,266463.878326992
3297,19802,"DE","new castle",10.1,131000,207266.666666681
3314,11722,"NY","suffolk",5.3,347900,298746.617647058
3321,98072,"WA","king",9.9,506400,266463.878326992
3337,23222,"VA","richmond city",22.4,109100,300043.127962081
3339,1002,"MA","hampshire",11.6,307800,339479.999999992
3344,31522,"GA","glynn",13.2,395800,142396.279069748
3345,73012,"OK","oklahoma",15.9,171700,109904.761904747
3347,63112,"MO","saint louis city",23,147100,153870.802919715
3350,75092,"TX","grayson",12.6,116100,160655.17241379
3351,95242,"CA","san joaquin",14.2,426300,512602.895553293
3355,37412,"TN","hamilton",13.5,101500,131006.910569105
3365,95632,"CA","sacramento",12.2,380500,512602.895553293
3374,77802,"TX","brazos",26.2,121800,160655.17241379
3382,90272,"CA","los angeles",14.6,1959500,512602.895553293
3386,91042,"CA","los angeles",14.6,559300,512602.895553293
3390,15202,"PA","allegheny",11.6,91700,168625.668449199
3403,34982,"FL","saint lucie",10.8,186500,174987.878787859
3407,28152,"NC","cleveland",19.8,91900,149621.98142415
3419,87102,"NM","bernalillo",14.9,118400,189354.166666656
3423,63052,"MO","jefferson",9.1,175300,153870.802919715
3427,22032,"VA","fairfax",5.5,563300,300043.127962081
3431,74112,"OK","tulsa",14.2,81900,109904.761904747
3464,28532,"NC","craven",13.9,134200,149621.98142415
3482,10512,"NY","putnam",6.7,359400,298746.617647058
3483,27262,"NC","guilford",15.5,100400,149621.98142415
3485,11542,"NY","nassau",4.7,558500,298746.617647058
3499,2852,"RI","washington",6.3,354600,223060.784313723
3513,91602,"CA","los angeles",14.6,793700,512602.895553293
3533,60172,"IL","du page",4.8,286500,175162.229102149
3534,18062,"PA","lehigh",9.1,271900,168625.668449199
3552,92782,"CA","orange",8.9,710200,512602.895553293
3555,30122,"GA","douglas",10.5,128100,142396.279069748
3569,80602,"CO","adams",12.8,282200,248585.454545445
3577,48042,"MI","macomb",8.3,255900,143547.970479701
3586,20912,"MD","montgomery",5.1,452100,281845.519713261
3592,37862,"TN","sevier",12.7,169700,131006.910569105
3594,55102,"MN","ramsey",13.5,206300,206253.67231638
3604,64052,"MO","jackson",15,94800,153870.802919715
3607,33912,"FL","lee",10.1,363400,174987.878787859
3611,90062,"CA","los angeles",14.6,445800,512602.895553293
3623,36582,"AL","mobile",20.8,103300,140837.362637355
3625,91302,"CA","los angeles",14.6,1303400,512602.895553293
3649,44012,"OH","lorain",11.2,219400,117361.716937358
3651,20602,"MD","charles",5.9,318400,281845.519713261
3653,88012,"NM","dona ana",23.9,146600,189354.166666656
3657,91932,"CA","san diego",11.1,472300,512602.895553293
3675,15132,"PA","allegheny",11.6,40200,168625.668449199
3677,8002,"NJ","camden",10.6,275600,306490.464547675
3703,98272,"WA","snohomish",8,316500,266463.878326992
3707,28112,"NC","union",7.9,132600,149621.98142415
3717,1602,"MA","worcester",9.5,256600,339479.999999992
3718,61822,"IL","champaign",18.2,195600,175162.229102149
3725,46202,"IN","marion",15.6,137100,135223.529411785
3726,93662,"CA","fresno",20,266900,512602.895553293
3732,91792,"CA","los angeles",14.6,511800,512602.895553293
3736,6002,"CT","hartford",9.3,224000,288431.603773581
3738,98372,"WA","pierce",11.1,309200,266463.878326992
3740,80212,"CO","denver",17.4,238900,248585.454545445
3742,33782,"FL","pinellas",11.3,182900,174987.878787859
3771,15122,"PA","allegheny",11.6,79200,168625.668449199
3786,22182,"VA","fairfax",5.5,802400,300043.127962081
3790,8052,"NJ","burlington",5,200600,306490.464547675
3794,80922,"CO","el paso",10,213500,248585.454545445
3797,45242,"OH","hamilton",13,212800,117361.716937358
3802,98022,"WA","king",9.9,330000,266463.878326992
3803,30512,"GA","union",11.6,200900,142396.279069748
3805,84102,"UT","salt lake",9,200000,237999.999999993
3811,94612,"CA","alameda",11,499600,512602.895553293
3836,63042,"MO","saint louis",23,118300,153870.802919715
3854,98532,"WA","lewis",14.2,197700,266463.878326992
3858,45322,"OH","montgomery",14.8,119200,117361.716937358
3867,28012,"NC","gaston",14.8,115100,149621.98142415
3874,84092,"UT","salt lake",9,360100,237999.999999993
3875,22302,"VA","alexandria city",8.3,387500,300043.127962081
3876,38242,"TN","henry",15.1,70000,131006.910569105
3879,45102,"OH","clermont",9,153200,117361.716937358
3882,48532,"MI","genesee",16.8,122400,143547.970479701
3887,98292,"WA","snohomish",8,347400,266463.878326992
3891,13212,"NY","onondaga",12.8,97900,298746.617647058
3892,92602,"CA","orange",8.9,862300,512602.895553293
3896,91202,"CA","los angeles",14.6,753200,512602.895553293
3906,1832,"MA","essex",10.4,265800,339479.999999992
3942,80232,"CO","jefferson",8.1,216900,248585.454545445
3947,85132,"AZ","pinal",12.5,209800,206952.02020201
3959,99502,"AK","anchorage",-1,281300,281729.999999878
3960,75702,"TX","smith",14.3,55700,160655.17241379
3978,80132,"CO","el paso",10,377600,248585.454545445
3982,35022,"AL","jefferson",15.1,143000,140837.362637355
4003,10552,"NY","westchester",7.7,607600,298746.617647058
4006,61802,"IL","champaign",18.2,119300,175162.229102149
4008,48842,"MI","ingham",18.1,178500,143547.970479701
4029,91752,"CA","riverside",11.7,558700,512602.895553293
4054,34202,"FL","manatee",10.6,488700,174987.878787859
4060,20152,"VA","loudoun",3,613900,300043.127962081
4064,59802,"MT","missoula",16.3,210900,225995.238095234
4065,2122,"MA","suffolk",19.3,305200,339479.999999992
4072,90732,"CA","los angeles",14.6,631400,512602.895553293
4073,32952,"FL","brevard",8.6,336300,174987.878787859
4086,20832,"MD","montgomery",5.1,528100,281845.519713261
4087,7652,"NJ","bergen",5.9,606700,306490.464547675
4101,85212,"AZ","maricopa",12.9,336300,206952.02020201
4115,48182,"MI","monroe",7.8,168400,143547.970479701
4123,49002,"MI","kalamazoo",16.2,148500,143547.970479701
4132,77632,"TX","orange",13.5,97500,160655.17241379
4151,27312,"NC","chatham",11.3,213900,149621.98142415
4157,14072,"NY","erie",13.7,154000,298746.617647058
4174,20112,"VA","prince william",5,575200,300043.127962081
4175,99212,"WA","spokane",13.1,140900,266463.878326992
4204,55412,"MN","hennepin",10.6,175600,206253.67231638
4223,34292,"FL","sarasota",8.1,336400,174987.878787859
4236,21012,"MD","anne arundel",5,425500,281845.519713261
4251,44202,"OH","portage",10.8,219600,117361.716937358
4268,78752,"TX","travis",14.6,145500,160655.17241379
4279,90602,"CA","los angeles",14.6,568800,512602.895553293
4290,94702,"CA","alameda",11,622200,512602.895553293
4291,27712,"NC","durham",15.9,172600,149621.98142415
4298,80002,"CO","jefferson",8.1,205600,248585.454545445
4303,80202,"CO","denver",17.4,358200,248585.454545445
4320,92832,"CA","orange",8.9,562600,512602.895553293
4346,48442,"MI","oakland",8.6,186100,143547.970479701
4349,19422,"PA","montgomery",5.3,434800,168625.668449199
4363,44142,"OH","cuyahoga",15.7,123900,117361.716937358
4372,48382,"MI","oakland",8.6,283900,143547.970479701
4382,6062,"CT","hartford",9.3,209900,288431.603773581
4383,60502,"IL","kane",7.8,300000,175162.229102149
4400,34102,"FL","collier",9.9,671200,174987.878787859
4424,23692,"VA","york",4.1,330000,300043.127962081
4426,33472,"FL","palm beach",10.2,389600,174987.878787859
4428,53022,"WI","washington",5.2,261500,162900.520833331
4465,48912,"MI","ingham",18.1,110400,143547.970479701
4466,37212,"TN","davidson",15.2,264600,131006.910569105
4469,34772,"FL","osceola",11.2,295600,174987.878787859
4477,34482,"FL","marion",13,202000,174987.878787859
4492,99202,"WA","spokane",13.1,107300,266463.878326992
4501,6032,"CT","hartford",9.3,290800,288431.603773581
4507,2152,"MA","suffolk",19.3,373300,339479.999999992
4517,44092,"OH","lake",6.8,139000,117361.716937358
4522,17552,"PA","lancaster",8.6,165800,168625.668449199
4556,2842,"RI","newport",8.3,399100,223060.784313723
4572,11762,"NY","nassau",4.7,487900,298746.617647058
4586,50312,"IA","polk",9.4,155800,153156.790123454
4595,2882,"RI","washington",6.3,467300,223060.784313723
4611,28312,"NC","cumberland",17.2,115200,149621.98142415
4619,98422,"WA","pierce",11.1,355100,266463.878326992
4626,34242,"FL","sarasota",8.1,739300,174987.878787859
4629,49512,"MI","kent",13.1,162800,143547.970479701
4630,11552,"NY","nassau",4.7,461800,298746.617647058
4639,45202,"OH","hamilton",13,220500,117361.716937358
4674,33872,"FL","highlands",17.4,169900,174987.878787859
4676,33602,"FL","hillsborough",11.6,320000,174987.878787859
4677,76082,"TX","parker",8.6,117000,160655.17241379
4692,48082,"MI","macomb",8.3,146400,143547.970479701
4702,90222,"CA","los angeles",14.6,353500,512602.895553293
4703,2492,"MA","norfolk",6.4,686300,339479.999999992
4721,19342,"PA","delaware",9.7,410400,168625.668449199
4730,33132,"FL","miami-dade",15.3,360100,174987.878787859
4747,94022,"CA","santa clara",8.3,1949700,512602.895553293
4752,14052,"NY","erie",13.7,170700,298746.617647058
4782,17512,"PA","lancaster",8.6,119300,168625.668449199
4783,95212,"CA","san joaquin",14.2,486000,512602.895553293
4784,1742,"MA","middlesex",6.9,713200,339479.999999992
4792,90232,"CA","los angeles",14.6,844600,512602.895553293
4813,8872,"NJ","middlesex",6.6,317800,306490.464547675
4816,28732,"NC","henderson",10.9,202400,149621.98142415
4818,34222,"FL","manatee",10.6,333700,174987.878787859
4832,15012,"PA","westmoreland",9.5,84400,168625.668449199
4837,44022,"OH","cuyahoga",15.7,301900,117361.716937358
4847,19512,"PA","berks",11.1,199700,168625.668449199
4852,55362,"MN","wright",5,207200,206253.67231638
4853,75022,"TX","denton",7.1,295000,160655.17241379
4861,44132,"OH","cuyahoga",15.7,106800,117361.716937358
4862,48072,"MI","oakland",8.6,178500,143547.970479701
4868,95602,"CA","placer",6,528100,512602.895553293
4874,98282,"WA","island",8.4,341100,266463.878326992
4886,48342,"MI","oakland",8.6,83400,143547.970479701
4891,29302,"SC","spartanburg",13.7,117400,146112.213740455
4895,16502,"PA","erie",14.4,58500,168625.668449199
4905,92082,"CA","san diego",11.1,646500,512602.895553293
4906,37642,"TN","hawkins",16.4,88000,131006.910569105
4916,19602,"PA","berks",11.1,41300,168625.668449199
4940,75402,"TX","hunt",16.4,89700,160655.17241379
4944,18902,"PA","bucks",5.2,513000,168625.668449199
4947,98942,"WA","yakima",19.7,164700,266463.878326992
4953,38112,"TN","shelby",20.1,65800,131006.910569105
4957,45502,"OH","clark",15.5,153800,117361.716937358
4959,8232,"NJ","atlantic",11.9,182200,306490.464547675
4982,48302,"MI","oakland",8.6,490500,143547.970479701
5009,90212,"CA","los angeles",14.6,1774800,512602.895553293
5017,27282,"NC","guilford",15.5,178400,149621.98142415
5054,28202,"NC","mecklenburg",11,262700,149621.98142415
5071,61102,"IL","winnebago",13.8,64800,175162.229102149
5083,15232,"PA","allegheny",11.6,224100,168625.668449199
5107,77302,"TX","montgomery",9.8,136500,160655.17241379
5109,14222,"NY","erie",13.7,202500,298746.617647058
5112,29662,"SC","greenville",12.2,131800,146112.213740455
5116,21532,"MD","allegany",14.2,103000,281845.519713261
5118,60542,"IL","kane",7.8,263900,175162.229102149
5120,72022,"AR","saline",10.7,129600,122409.589041101
5160,32922,"FL","brevard",8.6,125400,174987.878787859
5161,8852,"NJ","middlesex",6.6,404300,306490.464547675
5165,34212,"FL","manatee",10.6,436900,174987.878787859
5176,63132,"MO","saint louis",23,191900,153870.802919715
5204,45432,"OH","greene",9.2,118700,117361.716937358
5217,18612,"PA","luzerne",11.7,148500,168625.668449199
5232,77012,"TX","harris",16.3,80200,160655.17241379
5248,97232,"OR","multnomah",15,404800,214834.831460676
5281,85262,"AZ","maricopa",12.9,1059000,206952.02020201
5295,60432,"IL","will",5.9,127700,175162.229102149
5311,37932,"TN","knox",12.8,172300,131006.910569105
5313,7522,"NJ","passaic",13.4,306400,306490.464547675
5315,52002,"IA","dubuque",8.8,149200,153156.790123454
5318,93402,"CA","san luis obispo",11.5,535100,512602.895553293
5324,31312,"GA","effingham",9.9,177300,142396.279069748
5326,98642,"WA","clark",9.5,365000,266463.878326992
5341,96732,"HI","maui",6.8,615600,480311.363636379
5347,72002,"AR","saline",10.7,114800,122409.589041101
5362,11782,"NY","suffolk",5.3,477000,298746.617647058
5406,98332,"WA","pierce",11.1,448000,266463.878326992
5411,19462,"PA","montgomery",5.3,314600,168625.668449199
5421,91902,"CA","san diego",11.1,711100,512602.895553293
5442,48362,"MI","oakland",8.6,206200,143547.970479701
5449,32832,"FL","orange",11.6,373100,174987.878787859
5466,11362,"NY","queens",12.2,686900,298746.617647058
5472,33412,"FL","palm beach",10.2,491200,174987.878787859
5475,8882,"NJ","middlesex",6.6,320700,306490.464547675
5481,7882,"NJ","warren",6.2,282600,306490.464547675
5482,2632,"MA","barnstable",6.6,368900,339479.999999992
5486,72202,"AR","pulaski",15.5,80600,122409.589041101
5491,90502,"CA","los angeles",14.6,504700,512602.895553293
5507,18512,"PA","lackawanna",12.6,110600,168625.668449199
5518,2532,"MA","barnstable",6.6,341600,339479.999999992
5528,1532,"MA","worcester",9.5,389900,339479.999999992
5538,11702,"NY","suffolk",5.3,494000,298746.617647058
5544,20012,"DC","district of columbia",-1,495800,514288.888888805
5568,27592,"NC","wake",8.5,145000,149621.98142415
5578,73122,"OK","oklahoma",15.9,97700,109904.761904747
5597,19522,"PA","berks",11.1,185400,168625.668449199
5611,64112,"MO","jackson",15,265000,153870.802919715
5640,76052,"TX","tarrant",12.2,187000,160655.17241379
5644,6812,"CT","fairfield",6.7,395300,288431.603773581
5650,55442,"MN","hennepin",10.6,330100,206253.67231638
5660,14622,"NY","monroe",13.3,97500,298746.617647058
5665,8062,"NJ","gloucester",7.6,383200,306490.464547675
5673,2382,"MA","plymouth",6.5,301400,339479.999999992
5693,10302,"NY","richmond",10.1,374600,298746.617647058
5696,78732,"TX","travis",14.6,337400,160655.17241379
5708,75762,"TX","smith",14.3,139400,160655.17241379
5717,45402,"OH","montgomery",14.8,71600,117361.716937358
5723,7012,"NJ","passaic",13.4,404100,306490.464547675
5725,60192,"IL","cook",14.6,363100,175162.229102149
5728,90402,"CA","los angeles",14.6,2569700,512602.895553293
5746,18202,"PA","luzerne",11.7,108600,168625.668449199
5772,2452,"MA","middlesex",6.9,438500,339479.999999992
5778,29672,"SC","oconee",13.9,222900,146112.213740455
5784,7762,"NJ","monmouth",6.1,588000,306490.464547675
5786,53532,"WI","dane",10.9,216000,162900.520833331
5798,77422,"TX","brazoria",9.8,92500,160655.17241379
5800,93442,"CA","san luis obispo",11.5,629600,512602.895553293
5801,73142,"OK","oklahoma",15.9,169700,109904.761904747
5836,85602,"AZ","cochise",16.3,125900,206952.02020201
5846,48732,"MI","bay",11.7,121300,143547.970479701
5848,46582,"IN","kosciusko",8.6,130700,135223.529411785
5853,13032,"NY","madison",11,90000,298746.617647058
5862,94502,"CA","alameda",11,730800,512602.895553293
5864,91502,"CA","los angeles",14.6,580800,512602.895553293
5875,27522,"NC","granville",13.2,141100,149621.98142415
5885,29572,"SC","horry",14,301800,146112.213740455
5888,64082,"MO","jackson",15,233600,153870.802919715
5891,72212,"AR","pulaski",15.5,255500,122409.589041101
5895,17362,"PA","york",8.6,194100,168625.668449199
5920,14092,"NY","niagara",11.9,136600,298746.617647058
5928,86322,"AZ","yavapai",12.6,241300,206952.02020201
5929,45002,"OH","hamilton",13,169600,117361.716937358
5932,13492,"NY","oneida",14.5,117200,298746.617647058
5950,37772,"TN","loudon",11.1,182500,131006.910569105
5954,15022,"PA","washington",9.6,57600,168625.668449199
5965,2332,"MA","plymouth",6.5,559700,339479.999999992
5976,17972,"PA","schuylkill",11.9,93500,168625.668449199
5979,29492,"SC","charleston",15.2,517000,146112.213740455
5982,8402,"NJ","atlantic",11.9,495700,306490.464547675
5988,48462,"MI","oakland",8.6,232700,143547.970479701
5991,94552,"CA","alameda",11,849800,512602.895553293
5997,76692,"TX","hill",16.9,73000,160655.17241379
6003,20132,"VA","loudoun",3,577500,300043.127962081
6004,18252,"PA","schuylkill",11.9,59600,168625.668449199
6022,8812,"NJ","somerset",3.3,377000,306490.464547675
6035,1562,"MA","worcester",9.5,245000,339479.999999992
6063,23702,"VA","portsmouth city",15.6,129200,300043.127962081
6085,60152,"IL","mchenry",5.3,220300,175162.229102149
6087,1062,"MA","hampshire",11.6,240100,339479.999999992
6095,68512,"NE","lancaster",10.9,169000,139018.518518525
6113,7022,"NJ","bergen",5.9,447500,306490.464547675
6124,40242,"KY","jefferson",14.6,155100,146016.666666661
6138,7062,"NJ","union",8,298000,306490.464547675
6140,1082,"MA","hampshire",11.6,174300,339479.999999992
6152,11742,"NY","suffolk",5.3,412300,298746.617647058
6159,85622,"AZ","pima",14.9,299300,206952.02020201
6163,92252,"CA","san bernardino",12.1,183400,512602.895553293
6172,65742,"MO","greene",13.7,162600,153870.802919715
6179,20882,"MD","montgomery",5.1,687100,281845.519713261
6187,20872,"MD","montgomery",5.1,447600,281845.519713261
6199,94542,"CA","alameda",11,772500,512602.895553293
6207,48122,"MI","wayne",20.8,100500,143547.970479701
6210,14212,"NY","erie",13.7,60700,298746.617647058
6223,97862,"OR","umatilla",15.1,111000,214834.831460676
6224,33812,"FL","polk",12.8,234700,174987.878787859
6244,27052,"NC","stokes",11,116300,149621.98142415
6254,16412,"PA","erie",14.4,126100,168625.668449199
6270,33982,"FL","charlotte",9.2,264100,174987.878787859
6286,19312,"PA","chester",5.5,538500,168625.668449199
6287,37062,"TN","williamson",5,161500,131006.910569105
6291,8512,"NJ","middlesex",6.6,527500,306490.464547675
6318,92582,"CA","riverside",11.7,378200,512602.895553293
6328,7442,"NJ","passaic",13.4,395300,306490.464547675
6331,7922,"NJ","union",8,616200,306490.464547675
6336,61072,"IL","winnebago",13.8,150900,175162.229102149
6346,12572,"NY","dutchess",8.7,370400,298746.617647058
6347,44062,"OH","geauga",5.4,157800,117361.716937358
6360,62712,"IL","sangamon",12.8,173500,175162.229102149
6361,78362,"TX","san patricio",17.4,104700,160655.17241379
6375,19072,"PA","montgomery",5.3,416900,168625.668449199
6383,21102,"MD","carroll",4.7,321600,281845.519713261
6384,28612,"NC","burke",16,106000,149621.98142415
6385,30622,"GA","clarke",28.6,207800,142396.279069748
6394,1462,"MA","worcester",9.5,296100,339479.999999992
6404,2052,"MA","norfolk",6.4,537200,339479.999999992
6408,45152,"OH","warren",5.1,182400,117361.716937358
6409,12202,"NY","albany",11.7,77600,298746.617647058
6416,7932,"NJ","morris",4.1,619600,306490.464547675
6433,45122,"OH","clermont",9,128700,117361.716937358
6437,33592,"FL","hillsborough",11.6,236700,174987.878787859
6440,19952,"DE","kent",12.1,160800,207266.666666681
6452,68522,"NE","lancaster",10.9,125600,139018.518518525
6466,6382,"CT","new london",6.9,226600,288431.603773581
6469,2482,"MA","norfolk",6.4,781700,339479.999999992
6472,52802,"IA","scott",11.4,75300,153156.790123454
6512,19102,"PA","philadelphia",23.5,342300,168625.668449199
6527,7502,"NJ","passaic",13.4,336900,306490.464547675
6541,55092,"MN","chisago",5.9,252000,206253.67231638
6542,20732,"MD","calvert",5.2,352100,281845.519713261
6547,78642,"TX","williamson",6,172500,160655.17241379
6568,32222,"FL","duval",12.4,209100,174987.878787859
6569,7452,"NJ","bergen",5.9,617400,306490.464547675
6597,81632,"CO","eagle",6.8,840000,248585.454545445
6599,33182,"FL","miami-dade",15.3,387000,174987.878787859
6603,20712,"MD","prince georges",8.1,330300,281845.519713261
6605,42262,"KY","christian",19,84500,146016.666666661
6608,10522,"NY","westchester",7.7,694900,298746.617647058
6611,35222,"AL","jefferson",15.1,188700,140837.362637355
6612,32132,"FL","volusia",14.1,184600,174987.878787859
6620,18032,"PA","lehigh",9.1,149200,168625.668449199
6621,53572,"WI","dane",10.9,216500,162900.520833331
6634,6482,"CT","fairfield",6.7,457900,288431.603773581
6641,19962,"DE","kent",12.1,162600,207266.666666681
6642,81122,"CO","la plata",11.3,237500,248585.454545445
6644,60422,"IL","cook",14.6,276600,175162.229102149
6653,1952,"MA","essex",10.4,300400,339479.999999992
6675,76102,"TX","tarrant",12.2,125000,160655.17241379
6677,44632,"OH","stark",10.9,152600,117361.716937358
6679,33042,"FL","monroe",10.5,725700,174987.878787859
6680,44662,"OH","stark",10.9,118500,117361.716937358
6690,98252,"WA","snohomish",8,236800,266463.878326992
6700,27542,"NC","johnston",12.5,109000,149621.98142415
6705,8322,"NJ","gloucester",7.6,222900,306490.464547675
6711,8722,"NJ","ocean",8.4,276300,306490.464547675
6737,99712,"AK","fairbanks north star",-1,232500,281729.999999878
6738,8502,"NJ","somerset",3.3,693300,306490.464547675
6747,60012,"IL","mchenry",5.3,367200,175162.229102149
6753,8022,"NJ","burlington",5,342500,306490.464547675
6757,15062,"PA","westmoreland",9.5,65600,168625.668449199
6759,18222,"PA","luzerne",11.7,145100,168625.668449199
6765,15632,"PA","westmoreland",9.5,145400,168625.668449199
6772,63012,"MO","jefferson",9.1,158100,153870.802919715
6779,22172,"VA","prince william",5,373100,300043.127962081
6784,13152,"NY","onondaga",12.8,247800,298746.617647058
6790,48062,"MI","macomb",8.3,186000,143547.970479701
6802,95642,"CA","amador",10.1,383600,512602.895553293
6805,61282,"IL","rock island",13.2,83100,175162.229102149
6810,31052,"GA","bibb",24.2,148200,142396.279069748
6819,7642,"NJ","bergen",5.9,597700,306490.464547675
6837,7512,"NJ","passaic",13.4,431000,306490.464547675
6842,29172,"SC","lexington",10.9,96100,146112.213740455
6850,2762,"MA","norfolk",6.4,397500,339479.999999992
6869,85012,"AZ","maricopa",12.9,458800,206952.02020201
6870,6712,"CT","new haven",9.5,322500,288431.603773581
6888,15042,"PA","beaver",9.9,140800,168625.668449199
6890,15332,"PA","washington",9.6,123400,168625.668449199
6897,1862,"MA","middlesex",6.9,365500,339479.999999992
6907,98402,"WA","pierce",11.1,251800,266463.878326992
6914,27822,"NC","wilson",17.8,119700,149621.98142415
6927,7722,"NJ","monmouth",6.1,815400,306490.464547675
6928,10992,"NY","orange",10.5,353700,298746.617647058
6929,60442,"IL","will",5.9,264400,175162.229102149
6930,1432,"MA","middlesex",6.9,270500,339479.999999992
6943,74132,"OK","tulsa",14.2,110300,109904.761904747
6949,62062,"IL","madison",11.3,186900,175162.229102149
6956,22712,"VA","fauquier",5.7,370400,300043.127962081
6966,29322,"SC","spartanburg",13.7,122800,146112.213740455
6970,54162,"WI","brown",10.3,142600,162900.520833331
7005,27882,"NC","nash",14.6,100500,149621.98142415
7012,14472,"NY","monroe",13.3,193100,298746.617647058
7018,30742,"GA","catoosa",11.8,98400,142396.279069748
7020,53182,"WI","racine",9.2,192500,162900.520833331
7021,98922,"WA","kittitas",18.6,166800,266463.878326992
7028,99022,"WA","spokane",13.1,174600,266463.878326992
7033,22942,"VA","orange",8.6,187500,300043.127962081
7042,29472,"SC","dorchester",10.7,131200,146112.213740455
7049,33332,"FL","broward",11.4,709100,174987.878787859
7058,60042,"IL","mchenry",5.3,202700,175162.229102149
7060,1772,"MA","worcester",9.5,598700,339479.999999992
7075,11752,"NY","suffolk",5.3,412000,298746.617647058
7084,93622,"CA","fresno",20,194600,512602.895553293
7091,11792,"NY","suffolk",5.3,519600,298746.617647058
7097,55352,"MN","scott",4.2,278700,206253.67231638
7103,22812,"VA","rockingham",8.3,209800,300043.127962081
7107,95742,"CA","sacramento",12.2,457400,512602.895553293
7115,31302,"GA","chatham",16.3,147700,142396.279069748
7132,22932,"VA","albemarle",8.5,311700,300043.127962081
7133,55302,"MN","wright",5,231700,206253.67231638
7142,6052,"CT","hartford",9.3,222600,288431.603773581
7145,17032,"PA","dauphin",11,148100,168625.668449199
7150,94572,"CA","contra costa",8.7,555500,512602.895553293
7170,30002,"GA","dekalb",14.4,252300,142396.279069748
7203,55042,"MN","washington",4.7,414700,206253.67231638
7209,33762,"FL","pinellas",11.3,246000,174987.878787859
7229,6762,"CT","new haven",9.5,351400,288431.603773581
7299,62232,"IL","saint clair",15.8,81500,175162.229102149
7330,8312,"NJ","gloucester",7.6,170500,306490.464547675
7350,43502,"OH","fulton",8.1,141300,117361.716937358
7368,7462,"NJ","sussex",4.6,240300,306490.464547675
7370,3222,"NH","grafton",7.7,216000,202444.943820221
7378,1982,"MA","essex",10.4,478200,339479.999999992
7385,3042,"NH","rockingham",4.6,276600,202444.943820221
7390,53042,"WI","manitowoc",8.6,142700,162900.520833331
7400,93022,"CA","ventura",8.7,585300,512602.895553293
7412,7732,"NJ","monmouth",6.1,299500,306490.464547675
7425,45232,"OH","hamilton",13,76000,117361.716937358
7426,7432,"NJ","bergen",5.9,492200,306490.464547675
7431,34602,"FL","hernando",8.9,172800,174987.878787859
7436,7422,"NJ","sussex",4.6,255600,306490.464547675
7437,14032,"NY","erie",13.7,222400,298746.617647058
7440,27572,"NC","durham",15.9,176400,149621.98142415
7458,44302,"OH","summit",14,86900,117361.716937358
7460,21632,"MD","caroline",11.7,168700,281845.519713261
7463,74352,"OK","mayes",16.8,70900,109904.761904747
7480,6422,"CT","middlesex",5.2,328300,288431.603773581
7487,49302,"MI","kent",13.1,221600,143547.970479701
7503,36572,"AL","mobile",20.8,127600,140837.362637355
7513,11942,"NY","suffolk",5.3,621000,298746.617647058
7520,12822,"NY","saratoga",6.9,132500,298746.617647058
7524,6612,"CT","fairfield",6.7,757900,288431.603773581
7581,53122,"WI","waukesha",4.1,334100,162900.520833331
7584,23192,"VA","hanover",5.1,245800,300043.127962081
7602,19352,"PA","chester",5.5,326600,168625.668449199
7623,97882,"OR","umatilla",15.1,91500,214834.831460676
7624,11952,"NY","suffolk",5.3,551100,298746.617647058
7629,7092,"NJ","union",8,692200,306490.464547675
7639,97002,"OR","marion",15.2,280300,214834.831460676
7641,19032,"PA","delaware",9.7,109600,168625.668449199
7642,84042,"UT","utah",11.4,265300,237999.999999993
7665,12972,"NY","clinton",13.2,130700,298746.617647058
7679,6472,"CT","new haven",9.5,343800,288431.603773581
7682,37082,"TN","cheatham",9.3,165100,131006.910569105
7688,21152,"MD","baltimore",19.9,355400,281845.519713261
7694,85552,"AZ","graham",22.4,149600,206952.02020201
7720,54002,"WI","saint croix",5.3,135900,162900.520833331
7737,14132,"NY","niagara",11.9,115500,298746.617647058
7740,3452,"NH","cheshire",8.1,200400,202444.943820221
7742,28642,"NC","yadkin",15.5,78700,149621.98142415
7743,56362,"MN","stearns",11.7,161300,206253.67231638
7747,30802,"GA","columbia",6.8,146400,142396.279069748
7776,19012,"PA","montgomery",5.3,273200,168625.668449199
7806,97352,"OR","marion",15.2,184900,214834.831460676
7810,92662,"CA","orange",8.9,2272500,512602.895553293
7829,14432,"NY","ontario",9.5,94800,298746.617647058
7836,33922,"FL","lee",10.1,360900,174987.878787859
7840,14512,"NY","ontario",9.5,94900,298746.617647058
7850,2822,"RI","washington",6.3,342300,223060.784313723
7861,32732,"FL","seminole",9.1,376300,174987.878787859
7881,12962,"NY","clinton",13.2,130200,298746.617647058
7885,16662,"PA","blair",13.8,110100,168625.668449199
7886,30292,"GA","pike",11.1,159600,142396.279069748
7897,78002,"TX","bexar",16.4,98800,160655.17241379
7917,15342,"PA","washington",9.6,128300,168625.668449199
7934,2642,"MA","barnstable",6.6,455000,339479.999999992
7939,21722,"MD","washington",10.5,270500,281845.519713261
7940,22842,"VA","shenandoah",9,173800,300043.127962081
7945,15222,"PA","allegheny",11.6,176700,168625.668449199
7952,17322,"PA","york",8.6,202500,168625.668449199
7957,7662,"NJ","bergen",5.9,418400,306490.464547675
7967,7072,"NJ","bergen",5.9,429900,306490.464547675
7970,44262,"OH","summit",14,157600,117361.716937358
7971,14572,"NY","steuben",15,73300,298746.617647058
7982,3862,"NH","rockingham",4.6,400300,202444.943820221
7986,92382,"CA","san bernardino",12.1,262400,512602.895553293
7993,19362,"PA","chester",5.5,242200,168625.668449199
8003,56352,"MN","stearns",11.7,138400,206253.67231638
8016,8562,"NJ","burlington",5,353800,306490.464547675
8025,97392,"OR","marion",15.2,214700,214834.831460676
8042,37022,"TN","sumner",9.4,113100,131006.910569105
8053,18452,"PA","lackawanna",12.6,131300,168625.668449199
8072,95722,"CA","placer",6,517800,512602.895553293
8101,80102,"CO","adams",12.8,177000,248585.454545445
8108,44272,"OH","portage",10.8,137400,117361.716937358
8109,95692,"CA","yuba",19.2,356100,512602.895553293
8112,29372,"SC","spartanburg",13.7,55600,146112.213740455
8113,12522,"NY","dutchess",8.7,273100,298746.617647058
8128,2832,"RI","washington",6.3,294800,223060.784313723
8146,2892,"RI","washington",6.3,351100,223060.784313723
8158,77362,"TX","montgomery",9.8,147000,160655.17241379
8166,10502,"NY","westchester",7.7,685500,298746.617647058
8170,53032,"WI","dodge",8.3,136900,162900.520833331
8185,78652,"TX","travis",14.6,179600,160655.17241379
8186,13082,"NY","onondaga",12.8,113100,298746.617647058
8188,92352,"CA","san bernardino",12.1,433100,512602.895553293
8193,7632,"NJ","bergen",5.9,1256200,306490.464547675
8196,92372,"CA","san bernardino",12.1,356600,512602.895553293
8198,55992,"MN","goodhue",7.9,183500,206253.67231638
8206,7082,"NJ","morris",4.1,616900,306490.464547675
8207,12992,"NY","clinton",13.2,88000,298746.617647058
8243,3032,"NH","rockingham",4.6,309500,202444.943820221
8247,18642,"PA","luzerne",11.7,75400,168625.668449199
8269,45252,"OH","hamilton",13,182800,117361.716937358
8273,30222,"GA","meriwether",20.9,76300,142396.279069748
8295,8752,"NJ","ocean",8.4,614800,306490.464547675
8306,20722,"MD","prince georges",8.1,310000,281845.519713261
8310,3872,"NH","carroll",9.5,223600,202444.943820221
8352,44072,"OH","geauga",5.4,252400,117361.716937358
8359,95672,"CA","el dorado",8.2,514900,512602.895553293
8366,17922,"PA","schuylkill",11.9,126900,168625.668449199
8371,95442,"CA","sonoma",8.9,706900,512602.895553293
8379,22642,"VA","warren",9,250900,300043.127962081
8400,2322,"MA","norfolk",6.4,351900,339479.999999992
8409,97032,"OR","marion",15.2,218000,214834.831460676
8412,10532,"NY","westchester",7.7,587000,298746.617647058
8416,14532,"NY","ontario",9.5,88700,298746.617647058
8434,80422,"CO","gilpin",6.2,250400,248585.454545445
8440,8542,"NJ","mercer",9.3,471000,306490.464547675
8451,97362,"OR","marion",15.2,203700,214834.831460676
8465,10962,"NY","rockland",8.8,543800,298746.617647058
8475,32702,"FL","lake",9,130600,174987.878787859
8480,80452,"CO","clear creek",7.4,177700,248585.454545445
8481,43112,"OH","fairfield",8.9,178700,117361.716937358
8485,75152,"TX","ellis",10.7,98600,160655.17241379
8486,8242,"NJ","cape may",8.9,212400,306490.464547675
8495,75182,"TX","dallas",16.9,267300,160655.17241379
8498,54742,"WI","eau claire",13,125700,162900.520833331
8502,97532,"OR","josephine",17.5,311900,214834.831460676
8503,2702,"MA","bristol",9.3,356800,339479.999999992
8504,6412,"CT","middlesex",5.2,316800,288431.603773581
8512,20622,"MD","charles",5.9,388200,281845.519713261
8524,98232,"WA","skagit",11.9,353900,266463.878326992
8531,12582,"NY","dutchess",8.7,413600,298746.617647058
8533,14882,"NY","tompkins",19.2,148900,298746.617647058
8534,15112,"PA","allegheny",11.6,48900,168625.668449199
8537,43102,"OH","fairfield",8.9,128300,117361.716937358
8541,14042,"NY","cattaraugus",15.8,84200,298746.617647058
8543,45872,"OH","wood",10.8,81800,117361.716937358
8548,21782,"MD","washington",10.5,235900,281845.519713261
8564,1452,"MA","worcester",9.5,265300,339479.999999992
8572,2032,"MA","norfolk",6.4,414500,339479.999999992
8593,32442,"FL","jackson",27.3,80500,174987.878787859
8594,97462,"OR","douglas",14.9,163300,214834.831460676
8599,46542,"IN","kosciusko",8.6,107800,135223.529411785
8610,37032,"TN","robertson",11.6,133800,131006.910569105
8611,60112,"IL","de kalb",11.5,184800,175162.229102149
8624,45052,"OH","hamilton",13,201400,117361.716937358
8631,29682,"SC","pickens",16.4,115300,146112.213740455
8639,32102,"FL","lake",9,231000,174987.878787859
8649,21162,"MD","baltimore",19.9,340400,281845.519713261
8662,15672,"PA","westmoreland",9.5,127500,168625.668449199
8667,13132,"NY","oswego",13.8,106000,298746.617647058
8683,8202,"NJ","cape may",8.9,1217900,306490.464547675
8686,35452,"AL","tuscaloosa",18.6,140400,140837.362637355
8688,2562,"MA","barnstable",6.6,386600,339479.999999992
8696,43222,"OH","franklin",16.2,52100,117361.716937358
8700,1612,"MA","worcester",9.5,321700,339479.999999992
8702,17062,"PA","perry",8.6,114600,168625.668449199
8715,17372,"PA","adams",7.4,190200,168625.668449199
8722,32462,"FL","washington",18.9,70500,174987.878787859
8747,93602,"CA","fresno",20,368100,512602.895553293
8749,19022,"PA","delaware",9.7,108700,168625.668449199
8750,97022,"OR","clackamas",9.2,263100,214834.831460676
8756,7852,"NJ","morris",4.1,370000,306490.464547675
8758,37342,"TN","coffee",14.2,109400,131006.910569105
8771,3782,"NH","sullivan",8.9,350300,202444.943820221
8776,6092,"CT","hartford",9.3,401700,288431.603773581
8780,55382,"MN","stearns",11.7,203600,206253.67231638
8786,8802,"NJ","hunterdon",3.7,436500,306490.464547675
8813,98932,"WA","yakima",19.7,93900,266463.878326992
8815,11732,"NY","nassau",4.7,671000,298746.617647058
8819,54722,"WI","eau claire",13,119100,162900.520833331
8821,48722,"MI","saginaw",17,94500,143547.970479701
8824,14172,"NY","niagara",11.9,94900,298746.617647058
8826,7702,"NJ","monmouth",6.1,505300,306490.464547675
8830,8092,"NJ","ocean",8.4,361400,306490.464547675
8831,98392,"WA","kitsap",8.9,222400,266463.878326992
8840,55072,"MN","pine",12.3,132800,206253.67231638
8845,96722,"HI","kauai",9,718400,480311.363636379
8847,80642,"CO","weld",11.6,276300,248585.454545445
8853,7832,"NJ","warren",6.2,314100,306490.464547675
8856,68462,"NE","lancaster",10.9,132400,139018.518518525
8863,15312,"PA","washington",9.6,88300,168625.668449199
8887,75202,"TX","dallas",16.9,171900,160655.17241379
8918,43522,"OH","wood",10.8,141200,117361.716937358
8927,18372,"PA","monroe",9.1,244400,168625.668449199
8931,18972,"PA","bucks",5.2,354900,168625.668449199
8940,28742,"NC","henderson",10.9,197900,149621.98142415
8945,95982,"CA","sutter",12.2,260600,512602.895553293
8990,1522,"MA","worcester",9.5,294600,339479.999999992
8997,95372,"CA","tuolumne",12.5,312000,512602.895553293
9005,21562,"MD","allegany",14.2,53700,281845.519713261
9011,18322,"PA","monroe",9.1,213000,168625.668449199
9012,11932,"NY","suffolk",5.3,1617000,298746.617647058
9013,17562,"PA","lancaster",8.6,202200,168625.668449199
9015,44402,"OH","trumbull",14.6,117300,117361.716937358
9017,55032,"MN","chisago",5.9,237200,206253.67231638
9030,6232,"CT","tolland",6.3,256300,288431.603773581
9033,63072,"MO","franklin",9.5,112700,153870.802919715
9038,43542,"OH","lucas",16.9,237600,117361.716937358
9071,77702,"TX","jefferson",17.1,88300,160655.17241379
9075,17532,"PA","lancaster",8.6,190100,168625.668449199
9086,17572,"PA","lancaster",8.6,212600,168625.668449199
9121,1922,"MA","essex",10.4,456600,339479.999999992
9125,18942,"PA","bucks",5.2,389600,168625.668449199
9130,38472,"TN","giles",15,86700,131006.910569105
9131,44822,"OH","richland",11.9,127500,117361.716937358
9169,72142,"AR","pulaski",15.5,134100,122409.589041101
9175,19372,"PA","chester",5.5,252700,168625.668449199
9176,93242,"CA","fresno",20,171000,512602.895553293
9187,66402,"KS","shawnee",11.9,102800,138100.000000011
9194,6442,"CT","middlesex",5.2,386800,288431.603773581
9201,55322,"MN","carver",3.9,270600,206253.67231638
9207,21822,"MD","wicomico",13.2,173800,281845.519713261
9212,29482,"SC","charleston",15.2,1402600,146112.213740455
9222,18092,"PA","lehigh",9.1,280000,168625.668449199
9231,17302,"PA","york",8.6,183000,168625.668449199
9246,19562,"PA","berks",11.1,156300,168625.668449199
9247,3602,"NH","cheshire",8.1,178400,202444.943820221
9255,72722,"AR","benton",11.3,126600,122409.589041101
9258,80512,"CO","larimer",12.2,203300,248585.454545445
9261,72952,"AR","crawford",18.4,90700,122409.589041101
9273,20662,"MD","charles",5.9,343900,281845.519713261
9274,1022,"MA","hampden",16.4,128600,339479.999999992
9278,27812,"NC","pitt",22.5,65200,149621.98142415
9289,97042,"OR","clackamas",9.2,314800,214834.831460676
9299,29742,"SC","york",12.1,78200,146112.213740455
9305,16442,"PA","erie",14.4,112800,168625.668449199
9309,24162,"VA","montgomery",19.9,127200,300043.127962081
9320,48822,"MI","clinton",7.1,167300,143547.970479701
9332,24312,"VA","carroll",13.9,68700,300043.127962081
9346,93272,"CA","tulare",23.2,150900,512602.895553293
9350,37052,"TN","montgomery",12.7,119900,131006.910569105
9370,44412,"OH","portage",10.8,132200,117361.716937358
9373,98592,"WA","mason",12.2,289000,266463.878326992
9404,1262,"MA","berkshire",10.8,422000,339479.999999992
9408,93222,"CA","kern",18.1,317600,512602.895553293
9416,96762,"HI","honolulu",7.8,708500,480311.363636379
9436,13092,"NY","cayuga",12.7,84800,298746.617647058
9437,13332,"NY","madison",11,64600,298746.617647058
9438,15142,"PA","allegheny",11.6,433100,168625.668449199
9439,68372,"NE","lancaster",10.9,117800,139018.518518525
9459,6782,"CT","litchfield",5.4,209800,288431.603773581
9474,78152,"TX","bexar",16.4,145600,160655.17241379
9477,52322,"IA","johnson",15.5,138000,153156.790123454
9479,17502,"PA","lancaster",8.6,162800,168625.668449199
9483,21132,"MD","harford",5.6,333200,281845.519713261
9484,45162,"OH","warren",5.1,140600,117361.716937358
9500,14012,"NY","niagara",11.9,84200,298746.617647058
9512,13042,"NY","oneida",14.5,88300,298746.617647058
9557,12472,"NY","ulster",11.2,205300,298746.617647058
9599,6752,"CT","litchfield",5.4,543100,288431.603773581
9600,56312,"MN","stearns",11.7,129600,206253.67231638
9602,8732,"NJ","ocean",8.4,368800,306490.464547675
9604,91962,"CA","san diego",11.1,417600,512602.895553293
9615,30572,"GA","union",11.6,206300,142396.279069748
9637,1542,"MA","worcester",9.5,266300,339479.999999992
9648,97442,"OR","douglas",14.9,148300,214834.831460676
9652,68002,"NE","washington",6.6,100900,139018.518518525
9696,61012,"IL","boone",9.8,161300,175162.229102149
9706,74022,"OK","washington",11.4,71800,109904.761904747
9720,17582,"PA","lancaster",8.6,172900,168625.668449199
9733,68832,"NE","hall",11.5,170100,139018.518518525
9737,13112,"NY","onondaga",12.8,105500,298746.617647058
9743,36562,"AL","baldwin",10.3,108500,140837.362637355
9749,20842,"MD","montgomery",5.1,447800,281845.519713261
9754,95942,"CA","butte",17.1,307300,512602.895553293
9756,28582,"NC","onslow",14.2,169500,149621.98142415
9762,49342,"MI","mecosta",22,88100,143547.970479701
9767,95462,"CA","sonoma",8.9,378800,512602.895553293
9777,52352,"IA","linn",9.9,108300,153156.790123454
9779,38482,"TN","maury",12.9,141600,131006.910569105
9782,22652,"VA","shenandoah",9,255600,300043.127962081
9784,98342,"WA","kitsap",8.9,365200,266463.878326992
9801,37142,"TN","montgomery",12.7,117300,131006.910569105
9820,2462,"MA","middlesex",6.9,607700,339479.999999992
9853,22742,"VA","fauquier",5.7,366300,300043.127962081
9856,97452,"OR","lane",14.3,171500,214834.831460676
9862,3082,"NH","hillsborough",7,249000,202444.943820221
9877,54082,"WI","saint croix",5.3,230200,162900.520833331
9882,98262,"WA","whatcom",15.1,325000,266463.878326992
9884,96142,"CA","el dorado",8.2,600600,512602.895553293
9895,6242,"CT","windham",8.5,241100,288431.603773581
9904,45312,"OH","miami",9,144700,117361.716937358
9906,1072,"MA","franklin",10.5,231100,339479.999999992
9914,2812,"RI","washington",6.3,325100,223060.784313723
9918,3882,"NH","carroll",9.5,182500,202444.943820221
9924,61232,"IL","rock island",13.2,107900,175162.229102149
9948,38362,"TN","madison",18.8,97000,131006.910569105
9954,65612,"MO","greene",13.7,125900,153870.802919715
9972,6282,"CT","windham",8.5,242000,288431.603773581
9991,60512,"IL","kendall",3.7,233400,175162.229102149
9993,21912,"MD","cecil",9.3,336600,281845.519713261
9996,21662,"MD","talbot",8.3,772300,281845.519713261
10029,80532,"CO","larimer",12.2,234000,248585.454545445
